time_s,dP_Pa,O2_pct,exhale_state
70.077,0.0,20.93,0
70.177,0.0,20.93,0
70.277,0.0,20.93,0
70.377,0.0,20.93,0
70.477,0.0,21.21,0
70.577,0.0,21.21,0
70.677,0.0,21.21,0
70.777,0.0,21.21,0
70.877,0.0,21.21,0
70.977,0.0,21.21,0
71.077,0.0,21.21,0
71.177,0.0,21.21,0
71.277,0.0,21.21,0
71.377,0.0,21.21,0
71.477,0.0,21.21,0
71.577,0.0,21.21,0
71.677,0.0,21.21,0
71.777,0.044,21.21,0
71.877,0.0,21.21,0
71.977,0.044,21.21,0
72.077,0.0,21.21,0
72.177,0.0,21.21,0
72.277,0.0,21.21,0
72.377,0.044,21.21,0
72.477,0.0,21.21,0
72.577,0.044,21.21,0
72.677,0.0,21.21,0
72.777,0.0,21.21,0
72.877,0.0,21.21,0
72.977,0.0,21.21,0
73.077,0.0,21.21,0
73.177,0.0,21.21,0
73.277,0.0,21.21,0
73.377,0.0,21.21,0
73.477,0.0,21.21,0
73.577,0.0,21.21,0
73.677,0.0,21.21,0
73.777,0.0,21.21,0
73.877,0.0,21.21,0
73.977,0.0,21.21,0
74.077,0.0,21.21,0
74.177,0.0,21.21,0
74.277,0.0,21.21,0
74.377,0.0,21.21,0
74.477,0.0,21.21,0
74.577,0.0,21.21,0
74.677,0.0,21.21,0
74.777,0.0,21.21,0
74.877,0.0,21.21,0
74.977,0.0,21.21,0
75.077,0.0,21.21,0
75.177,0.0,21.21,0
75.277,0.0,21.21,0
75.377,0.0,21.21,0
75.477,0.0,21.21,0
75.577,0.0,21.21,0
75.677,0.0,21.21,0
75.777,0.0,21.21,0
75.877,0.0,21.21,0
75.977,0.0,21.21,0
76.077,0.0,21.21,0
76.177,0.0,21.21,0
76.277,0.0,21.21,0
76.377,0.0,21.21,0
76.477,0.0,21.21,0
76.577,0.0,21.21,0
76.677,0.0,21.21,0
76.777,0.044,21.21,0
76.877,0.044,21.21,0
76.977,0.044,21.21,0
77.077,0.044,21.21,0
77.177,0.044,21.21,0
77.277,0.044,21.21,0
77.377,0.044,21.21,0
77.477,0.0,21.21,0
77.577,0.044,21.21,0
77.677,0.044,21.21,0
77.777,0.044,21.21,0
77.877,0.044,21.21,0
77.977,0.044,21.21,0
78.077,0.044,21.21,0
78.177,0.044,21.21,0
78.277,0.044,21.21,0
78.377,0.044,21.21,0
78.477,0.0,21.21,0
78.577,0.0,21.21,0
78.677,0.044,21.21,0
78.777,0.0,21.21,0
78.877,0.0,21.21,0
78.977,0.0,21.21,0
79.077,0.0,21.21,0
79.177,0.044,21.21,0
79.277,0.0,21.21,0
79.377,0.044,21.21,0
79.477,0.044,21.21,0
79.577,0.0,21.21,0
79.677,0.044,21.21,0
79.777,0.044,21.21,0
79.877,0.044,21.21,0
79.977,0.044,21.21,0
80.077,0.044,21.21,0
80.177,0.0,21.21,0
80.277,0.0,21.21,0
80.377,0.0,21.21,0
80.477,0.0,21.21,0
80.577,0.044,21.21,0
80.677,0.044,21.21,0
80.777,0.0,21.21,0
80.877,0.0,21.21,0
80.977,0.044,21.21,0
81.077,0.0,21.21,0
81.177,0.0,21.21,0
81.277,0.0,21.21,0
81.377,0.0,21.21,0
81.477,0.0,21.21,0
81.577,0.0,21.21,0
81.677,0.0,21.21,0
81.777,0.0,21.21,0
81.877,0.0,21.21,0
81.977,0.0,21.21,0
82.077,0.0,21.21,0
82.177,0.0,21.21,0
82.277,0.0,21.21,0
82.377,0.0,21.21,0
82.477,0.0,21.21,0
82.577,0.0,21.21,0
82.677,0.0,21.21,0
82.777,0.0,21.21,0
82.877,0.0,21.21,0
82.977,0.0,21.21,0
83.077,0.0,21.21,0
83.177,0.0,21.21,0
83.277,0.0,21.21,0
83.377,0.044,21.21,0
83.477,0.0,21.21,0
83.577,0.0,21.21,0
83.677,0.0,21.21,0
83.777,0.0,21.21,0
83.877,0.0,21.21,0
83.977,0.0,21.21,0
84.077,0.0,21.21,0
84.177,0.0,21.21,0
84.277,0.0,21.21,0
84.377,0.0,21.21,0
84.477,0.0,21.21,0
84.577,0.0,21.21,0
84.677,0.0,21.21,0
84.777,0.0,21.21,0
84.877,0.0,21.21,0
84.977,0.0,21.21,0
85.077,0.0,21.21,0
85.177,0.0,21.21,0
85.277,0.0,21.21,0
85.377,0.0,21.21,0
85.477,0.0,21.21,0
85.577,0.0,21.21,0
85.677,0.0,21.21,0
85.777,0.0,21.21,0
85.877,0.0,21.21,0
85.977,0.0,21.21,0
86.077,0.0,21.21,0
86.177,0.044,21.21,0
86.277,0.0,21.21,0
86.377,0.0,21.21,0
86.477,0.0,21.21,0
86.577,0.044,21.21,0
86.677,0.0,21.21,0
86.777,0.0,21.21,0
86.877,0.0,21.21,0
86.977,0.0,21.21,0
87.077,0.0,21.21,0
87.177,0.0,21.21,0
87.277,0.0,21.21,0
87.377,0.0,21.21,0
87.477,0.0,21.21,0
87.577,0.044,21.21,0
87.677,0.0,21.21,0
87.777,0.044,21.21,0
87.877,0.0,21.21,0
87.977,0.0,21.21,0
88.077,0.0,21.21,0
88.177,0.0,21.21,0
88.277,0.0,21.21,0
88.377,0.044,21.21,0
88.477,0.0,21.21,0
88.577,0.044,21.21,0
88.677,0.0,21.21,0
88.777,0.0,21.21,0
88.877,0.0,21.21,0
88.977,0.044,21.21,0
89.077,0.0,21.21,0
89.177,0.044,21.21,0
89.277,0.0,21.21,0
89.377,0.0,21.21,0
89.477,0.044,21.21,0
89.577,0.044,21.21,0
89.677,0.044,21.21,0
89.777,0.044,21.21,0
89.877,0.044,21.21,0
89.977,0.044,21.21,0
90.077,0.044,21.21,0
90.177,0.0,21.21,0
90.277,0.044,21.21,0
90.377,0.044,21.21,0
90.477,0.044,21.21,0
90.577,0.044,21.21,0
90.677,0.044,21.21,0
90.777,0.0,21.21,0
90.877,0.0,21.21,0
90.977,0.0,21.21,0
91.077,0.0,21.21,0
91.177,0.0,21.21,0
91.277,0.0,21.21,0
91.377,0.044,21.21,0
91.477,0.044,21.21,0
91.577,0.044,21.21,0
91.677,0.044,21.21,0
91.777,0.044,21.21,0
91.877,0.0,21.21,0
91.977,0.0,21.21,0
92.077,0.0,21.21,0
92.177,0.0,21.21,0
92.277,0.0,21.21,0
92.377,0.0,21.21,0
92.477,0.0,21.21,0
92.577,0.0,21.21,0
92.677,0.0,21.21,0
92.777,0.0,21.21,0
92.877,0.0,21.21,0
92.977,0.0,21.21,0
93.077,0.0,21.21,0
93.177,0.0,21.21,0
93.277,0.0,21.21,0
93.377,0.0,21.21,0
93.477,0.0,21.21,0
93.577,0.0,21.21,0
93.677,0.044,21.21,0
93.777,0.0,21.21,0
93.877,0.044,21.21,0
93.977,0.0,21.21,0
94.077,0.044,21.21,0
94.177,0.0,21.21,0
94.277,0.044,21.21,0
94.377,0.0,21.21,0
94.477,0.044,21.21,0
94.577,0.0,21.21,0
94.677,0.044,21.21,0
94.777,0.0,21.21,0
94.877,0.0,21.21,0
94.977,0.0,21.21,0
95.077,0.044,21.21,0
95.177,0.0,21.21,0
95.277,0.0,21.21,0
95.377,0.0,21.21,0
95.477,0.0,21.21,0
95.577,0.0,21.21,0
95.677,0.044,21.21,0
95.777,0.044,21.21,0
95.877,0.0,21.21,0
95.977,0.044,21.21,0
96.077,0.0,21.21,0
96.177,0.044,21.21,0
96.277,0.0,21.21,0
96.377,0.044,21.21,0
96.477,0.0,21.21,0
96.577,0.0,21.21,0
96.677,0.0,21.21,0
96.777,0.044,21.21,0
96.877,0.0,21.21,0
96.977,0.044,21.21,0
97.077,0.044,21.21,0
97.177,0.044,21.21,0
97.277,0.044,21.21,0
97.377,0.0,21.21,0
97.477,0.0,21.21,0
97.577,0.0,21.21,0
97.677,0.0,21.21,0
97.777,0.0,21.21,0
97.877,0.0,21.21,0
97.977,0.044,21.21,0
98.077,0.0,21.21,0
98.177,0.0,21.21,0
98.277,0.0,21.21,0
98.377,0.0,21.21,0
98.477,0.0,21.21,0
98.577,0.0,21.21,0
98.677,0.0,21.21,0
98.777,0.0,21.21,0
98.877,0.0,21.21,0
98.977,0.0,21.21,0
99.077,0.0,21.21,0
99.177,0.0,21.21,0
99.277,0.0,21.21,0
99.377,0.0,21.21,0
99.477,0.0,21.21,0
99.577,0.0,21.21,0
99.677,0.0,21.21,0
99.777,0.0,21.21,0
99.877,0.0,21.21,0
99.977,0.0,21.21,0
100.077,0.0,21.21,0
100.177,0.0,21.21,0
100.277,0.0,21.21,0
100.377,0.0,21.21,0
100.477,0.0,21.21,0
100.577,0.0,21.21,0
100.677,0.0,21.21,0
100.777,0.0,21.21,0
100.877,0.0,21.21,0
100.977,0.0,21.21,0
101.077,0.0,21.21,0
101.177,0.0,21.21,0
101.277,0.044,21.21,0
101.377,0.0,21.21,0
101.477,0.044,21.21,0
101.577,0.044,21.21,0
101.677,0.044,21.21,0
101.777,0.0,21.21,0
101.877,0.044,21.21,0
101.977,0.044,21.21,0
102.077,0.0,21.21,0
102.177,0.044,21.21,0
102.277,0.0,21.21,0
102.377,0.044,21.21,0
102.477,0.0,21.21,0
102.577,0.0,21.21,0
102.677,0.0,21.21,0
102.777,0.0,21.21,0
102.877,0.0,21.21,0
102.977,0.0,21.21,0
103.077,0.044,21.21,0
103.177,0.044,21.21,0
103.277,0.044,21.21,0
103.377,0.0,21.21,0
103.477,0.044,21.21,0
103.577,0.044,21.21,0
103.677,0.044,21.21,0
103.777,0.0,21.21,0
103.877,0.0,21.21,0
103.977,0.044,21.21,0
104.077,0.0,21.21,0
104.177,0.044,21.21,0
104.277,0.0,21.21,0
104.377,0.0,21.21,0
104.477,0.0,21.21,0
104.577,0.044,21.21,0
104.677,0.0,21.21,0
104.777,0.0,21.21,0
104.877,0.044,21.21,0
104.977,0.0,21.21,0
105.077,0.0,21.21,0
105.177,0.044,21.21,0
105.277,0.0,21.21,0
105.377,0.0,21.21,0
105.477,0.0,21.21,0
105.577,0.0,21.21,0
105.677,0.0,21.21,0
105.777,0.0,21.21,0
105.877,0.0,21.21,0
105.977,0.0,21.21,0
106.077,0.0,21.21,0
106.177,0.044,21.21,0
106.277,0.0,21.21,0
106.377,0.044,21.21,0
106.477,0.0,21.21,0
106.577,0.044,21.21,0
106.677,0.0,21.21,0
106.777,0.044,21.21,0
106.877,0.044,21.21,0
106.977,0.0,21.21,0
107.077,0.0,21.21,0
107.177,0.0,21.21,0
107.277,0.0,21.21,0
107.377,0.0,21.21,0
107.477,0.044,21.21,0
107.577,0.044,21.21,0
107.677,0.0,21.21,0
107.777,0.0,21.21,0
107.877,0.0,21.21,0
107.977,0.0,21.21,0
108.077,0.0,21.21,0
108.177,0.0,21.21,0
108.277,0.0,21.21,0
108.377,0.0,21.21,0
108.477,0.0,21.21,0
108.577,0.0,21.21,0
108.677,0.044,21.21,0
108.777,0.0,21.21,0
108.877,0.0,21.17,0
108.977,0.0,21.17,0
109.077,0.0,21.17,0
109.177,0.044,21.17,0
109.277,0.0,21.17,0
109.377,0.0,21.17,0
109.477,0.0,21.22,0
109.577,0.0,21.22,0
109.677,0.0,21.22,0
109.777,0.0,21.22,0
109.877,0.0,21.22,0
109.977,0.0,21.22,0
110.077,0.0,21.17,0
110.177,0.0,21.17,0
110.277,0.0,21.17,0
110.377,0.0,21.17,0
110.477,0.0,21.17,0
110.577,0.0,21.17,0
110.677,0.0,21.22,0
110.777,0.0,21.22,0
110.877,0.0,21.22,0
110.977,0.0,21.22,0
111.077,0.0,21.22,0
111.177,0.0,21.22,0
111.277,0.0,21.21,0
111.377,0.0,21.21,0
111.477,0.0,21.21,0
111.577,0.0,21.21,0
111.677,0.0,21.21,0
111.777,0.0,21.21,0
111.877,0.0,21.17,0
111.977,0.0,21.17,0
112.077,0.0,21.17,0
112.177,0.0,21.17,0
112.277,0.0,21.17,0
112.377,0.0,21.17,0
112.477,0.0,21.17,0
112.577,0.0,21.17,0
112.677,0.0,21.17,0
112.777,0.0,21.17,0
112.877,0.0,21.17,0
112.977,0.0,21.17,0
113.077,0.0,21.21,0
113.177,0.0,21.21,0
113.277,0.0,21.21,0
113.377,0.0,21.21,0
113.477,0.0,21.21,0
113.577,0.0,21.21,0
113.677,0.0,21.21,0
113.777,0.0,21.21,0
113.877,0.0,21.21,0
113.977,0.0,21.21,0
114.077,0.0,21.21,0
114.177,0.0,21.21,0
114.277,0.0,21.21,0
114.377,0.0,21.21,0
114.477,0.0,21.21,0
114.577,0.0,21.21,0
114.677,0.0,21.21,0
114.777,0.0,21.21,0
114.877,0.0,21.21,0
114.977,0.0,21.21,0
115.077,0.0,21.21,0
115.177,0.0,21.21,0
115.277,0.044,21.21,0
115.377,0.0,21.21,0
115.477,0.0,21.21,0
115.577,0.0,21.21,0
115.677,0.0,21.21,0
115.777,0.0,21.21,0
115.877,0.0,21.21,0
115.977,0.0,21.21,0
116.077,0.044,21.17,0
116.177,0.0,21.17,0
116.277,0.0,21.17,0
116.377,0.0,21.17,0
116.477,0.0,21.17,0
116.577,0.0,21.17,0
116.677,0.0,21.21,0
116.777,0.0,21.21,0
116.877,0.0,21.21,0
116.977,0.0,21.21,0
117.077,0.0,21.21,0
117.177,0.0,21.21,0
117.277,0.0,21.21,0
117.377,0.0,21.21,0
117.477,0.0,21.21,0
117.577,0.0,21.21,0
117.677,0.0,21.21,0
117.777,0.0,21.21,0
117.877,0.0,21.21,0
117.977,0.0,21.21,0
118.077,0.0,21.21,0
118.177,0.0,21.21,0
118.277,0.0,21.21,0
118.377,0.0,21.21,0
118.477,0.0,21.21,0
118.577,0.0,21.21,0
118.677,0.0,21.21,0
118.777,0.0,21.21,0
118.877,0.0,21.21,0
118.977,0.0,21.21,0
119.077,0.0,21.21,0
119.177,0.0,21.21,0
119.277,0.0,21.21,0
119.377,0.0,21.21,0
119.477,0.0,21.21,0
119.577,0.0,21.21,0
119.677,0.0,21.21,0
119.777,0.0,21.21,0
119.877,0.0,21.21,0
119.977,0.0,21.21,0
120.077,0.0,21.21,0
120.177,0.0,21.21,0
120.277,0.0,21.21,0
120.377,0.0,21.21,0
120.477,0.0,21.21,0
120.577,0.0,21.21,0
120.677,0.0,21.21,0
120.777,0.0,21.21,0
120.877,0.0,21.21,0
120.977,0.0,21.21,0
121.077,0.0,21.21,0
121.177,0.0,21.21,0
121.277,0.0,21.21,0
121.377,0.0,21.21,0
121.477,0.0,21.21,0
121.577,0.0,21.21,0
121.677,0.0,21.21,0
121.777,0.0,21.21,0
121.877,0.0,21.21,0
121.977,0.044,21.21,0
122.077,0.0,21.21,0
122.177,0.0,21.21,0
122.277,0.0,21.21,0
122.377,0.0,21.21,0
122.477,0.0,21.21,0
122.577,0.0,21.21,0
122.677,0.0,21.21,0
122.777,0.089,21.21,0
122.877,0.089,21.21,0
122.977,0.131,21.21,0
123.077,0.177,21.21,0
123.177,0.044,21.21,0
123.277,0.044,21.21,0
123.377,0.0,21.21,0
123.477,0.0,21.21,0
123.577,0.089,21.21,0
123.677,0.131,21.21,0
123.777,0.264,21.21,0
123.877,0.264,21.21,0
123.977,0.223,21.21,0
124.077,0.356,21.21,0
124.177,0.177,21.21,0
124.277,0.131,21.21,0
124.377,0.177,21.21,0
124.477,0.177,21.21,0
124.577,0.044,21.21,0
124.677,0.044,21.21,0
124.777,0.0,21.21,0
124.877,0.0,21.21,0
124.977,0.264,21.21,0
125.077,0.0,20.9,0
125.177,0.089,20.9,0
125.277,0.0,20.9,0
125.377,0.0,20.9,0
125.477,0.0,20.9,0
125.577,0.0,20.9,0
125.677,0.0,20.42,0
125.777,0.0,20.42,0
125.877,0.0,20.42,0
125.977,0.0,20.42,0
126.077,0.0,20.42,0
126.177,0.0,20.42,0
126.277,0.0,19.95,0
126.377,0.0,19.95,0
126.477,0.0,19.95,0
126.577,0.0,19.95,0
126.677,0.044,19.95,0
126.777,0.044,19.95,0
126.877,0.131,19.54,0
126.977,0.0,19.54,0
127.077,0.044,19.54,0
127.177,0.0,19.54,0
127.277,0.444,19.54,0
127.377,0.131,19.54,0
127.477,0.444,19.14,0
127.577,0.398,19.14,0
127.677,0.131,19.14,0
127.777,0.0,19.14,0
127.877,0.356,19.14,0
127.977,0.398,19.14,0
128.077,0.089,18.97,0
128.177,0.706,18.97,0
128.277,1.064,18.97,0
128.377,1.11,18.97,1
128.477,0.535,18.97,1
128.577,0.844,18.97,1
128.677,0.223,19.0,1
128.777,0.398,19.0,1
128.877,0.0,19.0,1
128.977,0.0,19.0,1
129.077,0.0,19.0,0
129.177,0.0,19.0,0
129.277,0.0,18.9,0
129.377,0.0,18.9,0
129.477,0.0,18.9,0
129.577,0.0,18.9,0
129.677,0.0,18.9,0
129.777,0.0,18.9,0
129.877,0.0,18.59,0
129.977,0.0,18.59,0
130.077,3.914,18.59,0
130.177,4.135,18.59,0
130.277,4.223,18.59,1
130.377,3.027,18.59,1
130.477,2.985,18.32,1
130.577,1.606,18.32,1
130.677,2.277,18.32,1
130.777,1.785,18.32,1
130.877,2.189,18.32,1
130.977,1.831,18.32,1
131.077,1.152,18.18,1
131.177,1.064,18.18,1
131.277,0.223,18.18,1
131.377,0.131,18.18,1
131.477,0.0,18.18,1
131.577,0.0,18.18,1
131.677,0.0,18.01,0
131.777,0.0,18.01,0
131.877,0.0,18.01,0
131.977,0.0,18.01,0
132.077,0.0,18.01,0
132.177,0.0,18.01,0
132.277,0.0,17.81,0
132.377,0.0,17.81,0
132.477,0.0,17.81,0
132.577,0.0,17.81,0
132.677,2.852,17.81,0
132.777,2.189,17.81,0
132.877,2.456,17.61,1
132.977,2.41,17.61,1
133.077,2.144,17.61,1
133.177,2.323,17.61,1
133.277,1.702,17.61,1
133.377,1.923,17.61,1
133.477,1.331,17.54,1
133.577,1.064,17.54,1
133.677,0.798,17.54,1
133.777,0.223,17.54,1
133.877,0.0,17.54,1
133.977,0.0,17.54,1
134.077,0.0,17.55,0
134.177,0.0,17.55,0
134.277,0.0,17.55,0
134.377,0.0,17.55,0
134.477,0.0,17.55,0
134.577,0.0,17.55,0
134.677,0.0,17.47,0
134.777,0.0,17.47,0
134.877,0.0,17.47,0
134.977,0.0,17.47,0
135.077,0.0,17.47,0
135.177,0.0,17.47,0
135.277,2.589,17.4,0
135.377,2.673,17.4,0
135.477,2.719,17.4,1
135.577,2.631,17.4,1
135.677,2.806,17.4,1
135.777,2.589,17.4,1
135.877,2.144,17.3,1
135.977,2.052,17.3,1
136.077,1.969,17.3,1
136.177,1.464,17.3,1
136.277,0.706,17.3,1
136.377,0.356,17.3,1
136.477,0.089,17.4,1
136.577,0.0,17.4,1
136.677,0.0,17.4,0
136.777,0.0,17.4,0
136.877,0.0,17.4,0
136.977,0.0,17.4,0
137.077,0.0,17.4,0
137.177,0.0,17.4,0
137.277,0.0,17.4,0
137.377,0.0,17.4,0
137.477,0.0,17.4,0
137.577,0.0,17.4,0
137.677,0.0,17.38,0
137.777,0.0,17.38,0
137.877,1.285,17.38,0
137.977,1.377,17.38,0
138.077,2.235,17.38,1
138.177,1.969,17.38,1
138.277,2.277,17.3,1
138.377,2.235,17.3,1
138.477,1.969,17.3,1
138.577,1.606,17.3,1
138.677,1.285,17.3,1
138.777,1.331,17.3,1
138.877,1.194,17.37,1
138.977,1.194,17.37,1
139.077,0.973,17.37,1
139.177,0.0,17.37,1
139.277,0.0,17.37,1
139.377,0.0,17.37,0
139.477,0.0,17.43,0
139.577,0.0,17.43,0
139.677,0.0,17.43,0
139.777,0.0,17.43,0
139.877,0.0,17.43,0
139.977,0.0,17.43,0
140.077,0.0,17.4,0
140.177,0.0,17.4,0
140.277,0.0,17.4,0
140.377,2.544,17.4,0
140.477,3.385,17.4,0
140.577,4.223,17.4,1
140.677,3.914,17.37,1
140.777,3.914,17.37,1
140.877,3.294,17.37,1
140.977,3.827,17.37,1
141.077,2.498,17.37,1
141.177,2.985,17.37,1
141.277,1.514,17.4,1
141.377,1.285,17.4,1
141.477,0.0,17.4,1
141.577,0.0,17.4,1
141.677,0.0,17.4,0
141.777,0.0,17.4,0
141.877,0.0,17.47,0
141.977,0.0,17.47,0
142.077,0.0,17.47,0
142.177,0.0,17.47,0
142.277,0.0,17.47,0
142.377,0.0,17.47,0
142.477,0.0,17.43,0
142.577,1.56,17.43,0
142.677,3.648,17.43,0
142.777,3.556,17.43,1
142.877,4.223,17.43,1
142.977,2.589,17.43,1
143.077,3.427,17.37,1
143.177,1.831,17.37,1
143.277,2.673,17.37,1
143.377,1.606,17.37,1
143.477,2.01,17.37,1
143.577,0.0,17.37,1
143.677,0.0,17.47,1
143.777,0.0,17.47,0
143.877,0.0,17.47,0
143.977,0.0,17.47,0
144.077,0.0,17.47,0
144.177,0.0,17.47,0
144.277,0.0,17.54,0
144.377,0.0,17.54,0
144.477,0.0,17.54,0
144.577,0.0,17.54,0
144.677,1.377,17.54,0
144.777,4.356,17.54,0
144.877,3.739,17.5,1
144.977,4.76,17.5,1
145.077,3.21,17.5,1
145.177,3.385,17.5,1
145.277,2.631,17.5,1
145.377,3.473,17.5,1
145.477,2.364,17.57,1
145.577,2.456,17.57,1
145.677,1.194,17.57,1
145.777,0.0,17.57,1
145.877,0.0,17.57,1
145.977,0.0,17.57,0
146.077,0.0,17.65,0
146.177,0.0,17.65,0
146.277,0.0,17.65,0
146.377,0.0,17.65,0
146.477,0.0,17.65,0
146.577,0.0,17.65,0
146.677,0.0,17.67,0
146.777,0.0,17.67,0
146.877,0.0,17.67,0
146.977,1.831,17.67,0
147.077,3.119,17.67,0
147.177,2.76,17.67,1
147.277,2.898,17.64,1
147.377,2.456,17.64,1
147.477,2.01,17.64,1
147.577,2.01,17.64,1
147.677,1.331,17.64,1
147.777,1.239,17.64,1
147.877,1.285,17.71,1
147.977,0.0,17.71,1
148.077,0.0,17.71,1
148.177,0.0,17.71,0
148.277,0.0,17.71,0
148.377,0.0,17.71,0
148.477,0.0,17.78,0
148.577,0.0,17.78,0
148.677,0.0,17.78,0
148.777,0.0,17.78,0
148.877,0.0,17.78,0
148.977,0.885,17.78,0
149.077,3.073,17.81,0
149.177,3.519,17.81,1
149.277,2.939,17.81,1
149.377,2.456,17.81,1
149.477,1.969,17.81,1
149.577,2.189,17.81,1
149.677,1.877,17.81,1
149.777,0.927,17.81,1
149.877,0.0,17.81,1
149.977,0.0,17.81,1
150.077,0.0,17.81,0
150.177,0.0,17.81,0
150.277,0.0,17.95,0
150.377,0.0,17.95,0
150.477,0.0,17.95,0
150.577,0.0,17.95,0
150.677,0.0,17.95,0
150.777,0.0,17.95,0
150.877,0.0,17.95,0
150.977,0.044,17.95,0
151.077,2.277,17.95,0
151.177,2.673,17.95,0
151.277,3.164,17.95,1
151.377,3.21,17.95,1
151.477,2.898,17.95,1
151.577,2.852,17.95,1
151.677,2.544,17.95,1
151.777,2.364,17.95,1
151.877,1.606,17.95,1
151.977,1.194,17.95,1
152.077,0.0,18.01,1
152.177,0.0,18.01,1
152.277,0.0,18.01,0
152.377,0.0,18.01,0
152.477,0.0,18.01,0
152.577,0.0,18.01,0
152.677,0.0,18.05,0
152.777,0.0,18.05,0
152.877,0.0,18.05,0
152.977,0.0,18.05,0
153.077,0.223,18.05,0
153.177,3.648,18.05,0
153.277,3.556,18.01,0
153.377,4.402,18.01,1
153.477,2.985,18.01,1
153.577,3.385,18.01,1
153.677,2.456,18.01,1
153.777,2.939,18.01,1
153.877,1.514,18.01,1
153.977,1.831,18.01,1
154.077,0.264,18.01,1
154.177,0.0,18.01,1
154.277,0.0,18.01,1
154.377,0.0,18.01,0
154.477,0.0,18.05,0
154.577,0.0,18.05,0
154.677,0.0,18.05,0
154.777,0.0,18.05,0
154.877,0.0,18.05,0
154.977,0.0,18.05,0
155.077,0.0,18.05,0
155.177,2.456,18.05,0
155.277,4.714,18.05,0
155.377,4.356,18.05,1
155.477,5.214,18.05,1
155.577,3.602,18.05,1
155.677,3.385,18.01,1
155.777,1.152,18.01,1
155.877,0.0,18.01,1
155.977,0.0,18.01,1
156.077,0.0,18.01,0
156.177,0.0,18.01,0
156.277,0.0,18.08,0
156.377,0.0,18.08,0
156.477,0.0,18.08,0
156.577,0.0,18.08,0
156.677,0.0,18.08,0
156.777,0.0,18.08,0
156.877,0.0,18.08,0
156.977,3.339,18.08,0
157.077,3.027,18.08,0
157.177,4.052,18.08,1
157.277,3.385,18.08,1
157.377,4.356,18.08,1
157.477,3.556,18.08,1
157.577,3.119,18.08,1
157.677,2.76,18.08,1
157.777,1.331,18.08,1
157.877,0.0,18.08,1
157.977,0.0,18.08,1
158.077,0.0,18.18,0
158.177,0.0,18.18,0
158.277,0.0,18.18,0
158.377,0.0,18.18,0
158.477,0.0,18.18,0
158.577,0.0,18.18,0
158.677,0.0,18.18,0
158.777,0.0,18.18,0
158.877,0.0,18.18,0
158.977,3.556,18.18,0
159.077,3.473,18.18,0
159.177,3.339,18.18,1
159.277,3.431,18.15,1
159.377,3.256,18.15,1
159.477,2.41,18.15,1
159.577,1.331,18.15,1
159.677,1.331,18.15,1
159.777,0.356,18.15,1
159.877,0.0,18.22,1
159.977,0.0,18.22,1
160.077,0.0,18.22,0
160.177,0.0,18.22,0
160.277,0.0,18.22,0
160.377,0.0,18.22,0
160.477,0.0,18.22,0
160.577,0.0,18.22,0
160.677,0.0,18.22,0
160.777,0.0,18.22,0
160.877,2.498,18.22,0
160.977,3.519,18.22,0
161.077,3.96,18.22,1
161.177,3.648,18.22,1
161.277,2.898,18.22,1
161.377,3.556,18.22,1
161.477,2.052,18.22,1
161.577,2.898,18.22,1
161.677,1.331,18.25,1
161.777,2.01,18.25,1
161.877,0.044,18.25,1
161.977,0.0,18.25,1
162.077,0.0,18.25,0
162.177,0.0,18.25,0
162.277,0.0,18.32,0
162.377,0.0,18.32,0
162.477,0.0,18.32,0
162.577,0.0,18.32,0
162.677,0.0,18.32,0
162.777,0.0,18.32,0
162.877,0.0,18.28,0
162.977,0.973,18.28,0
163.077,3.827,18.28,0
163.177,3.827,18.28,1
163.277,4.177,18.28,1
163.377,3.739,18.28,1
163.477,3.556,18.23,1
163.577,3.473,18.23,1
163.677,2.364,18.23,1
163.777,2.364,18.23,1
163.877,0.623,18.23,1
163.977,0.044,18.23,1
164.077,0.0,18.28,1
164.177,0.0,18.28,0
164.277,0.0,18.28,0
164.377,0.0,18.28,0
164.477,0.0,18.28,0
164.577,0.0,18.28,0
164.677,0.0,18.32,0
164.777,0.0,18.32,0
164.877,0.0,18.32,0
164.977,2.052,18.32,0
165.077,4.223,18.32,0
165.177,4.489,18.32,1
165.277,4.402,18.25,1
165.377,4.269,18.25,1
165.477,3.827,18.25,1
165.577,3.385,18.25,1
165.677,3.027,18.25,1
165.777,2.189,18.25,1
165.877,0.356,18.32,1
165.977,0.0,18.32,1
166.077,0.0,18.32,1
166.177,0.0,18.32,0
166.277,0.0,18.32,0
166.377,0.0,18.32,0
166.477,0.0,18.32,0
166.577,0.0,18.32,0
166.677,0.0,18.32,0
166.777,0.0,18.32,0
166.877,0.0,18.32,0
166.977,2.456,18.32,0
167.077,3.164,18.28,0
167.177,3.602,18.28,1
167.277,3.694,18.28,1
167.377,3.256,18.28,1
167.477,2.806,18.28,1
167.577,3.027,18.28,1
167.677,2.631,18.28,1
167.777,1.923,18.28,1
167.877,1.377,18.28,1
167.977,0.0,18.28,1
168.077,0.0,18.28,1
168.177,0.0,18.28,0
168.277,0.0,18.35,0
168.377,0.0,18.35,0
168.477,0.0,18.35,0
168.577,0.0,18.35,0
168.677,0.0,18.35,0
168.777,0.0,18.35,0
168.877,0.0,18.35,0
168.977,1.923,18.35,0
169.077,4.277,18.35,0
169.177,4.36,18.35,1
169.277,3.914,18.35,1
169.377,4.269,18.35,1
169.477,3.556,18.32,1
169.577,2.939,18.32,1
169.677,2.323,18.32,1
169.777,2.144,18.32,1
169.877,0.623,18.32,1
169.977,0.0,18.32,1
170.077,0.0,18.39,1
170.177,0.0,18.39,0
170.277,0.0,18.39,0
170.377,0.0,18.39,0
170.477,0.0,18.39,0
170.577,0.0,18.39,0
170.677,0.0,18.39,0
170.777,0.0,18.39,0
170.877,0.0,18.39,0
170.977,0.0,18.39,0
171.077,3.385,18.39,0
171.177,3.473,18.39,0
171.277,3.556,18.35,1
171.377,3.694,18.35,1
171.477,3.339,18.35,1
171.577,3.385,18.35,1
171.677,2.985,18.35,1
171.777,2.498,18.35,1
171.877,1.744,18.39,1
171.977,0.0,18.39,1
172.077,0.0,18.39,1
172.177,0.0,18.39,0
172.277,0.0,18.39,0
172.377,0.0,18.39,0
172.477,0.0,18.45,0
172.577,0.0,18.45,0
172.677,0.0,18.45,0
172.777,0.0,18.45,0
172.877,0.0,18.45,0
172.977,0.0,18.45,0
173.077,2.144,18.42,0
173.177,3.385,18.42,0
173.277,3.656,18.42,1
173.377,3.602,18.42,1
173.477,2.985,18.42,1
173.577,3.294,18.42,1
173.677,2.852,18.39,1
173.777,2.548,18.39,1
173.877,2.277,18.39,1
173.977,1.331,18.39,1
174.077,0.0,18.39,1
174.177,0.0,18.39,1
174.277,0.0,18.45,0
174.377,0.0,18.45,0
174.477,0.0,18.45,0
174.577,0.0,18.45,0
174.677,0.0,18.45,0
174.777,0.0,18.45,0
174.877,0.0,18.45,0
174.977,1.56,18.45,0
175.077,4.102,18.45,0
175.177,4.269,18.45,1
175.277,3.827,18.45,1
175.377,3.827,18.45,1
175.477,3.252,18.45,1
175.577,2.719,18.45,1
175.677,2.369,18.45,1
175.777,2.235,18.45,1
175.877,1.514,18.45,1
175.977,0.844,18.45,1
176.077,0.0,18.49,1
176.177,0.0,18.49,1
176.277,0.0,18.49,0
176.377,0.0,18.49,0
176.477,0.0,18.49,0
176.577,0.0,18.49,0
176.677,0.0,18.49,0
176.777,0.0,18.49,0
176.877,0.0,18.49,0
176.977,0.0,18.49,0
177.077,2.189,18.49,0
177.177,3.339,18.49,0
177.277,3.339,18.45,1
177.377,3.031,18.45,1
177.477,4.144,18.45,1
177.577,3.21,18.45,1
177.677,3.344,18.45,1
177.777,2.098,18.45,1
177.877,2.056,18.45,1
177.977,0.0,18.45,1
178.077,0.0,18.45,1
178.177,0.0,18.45,0
178.277,0.0,18.45,0
178.377,0.0,18.45,0
178.477,0.0,18.49,0
178.577,0.0,18.49,0
178.677,0.0,18.49,0
178.777,0.0,18.49,0
178.877,0.0,18.49,0
178.977,0.623,18.49,0
179.077,3.556,18.49,0
179.177,3.256,18.49,1
179.277,4.319,18.49,1
179.377,3.119,18.49,1
179.477,3.339,18.49,1
179.577,2.985,18.49,1
179.677,2.544,18.49,1
179.777,1.969,18.49,1
179.877,1.244,18.49,1
179.977,0.0,18.49,1
180.077,0.0,18.49,1
180.177,0.0,18.49,0
180.277,0.0,18.56,0
180.377,0.0,18.56,0
180.477,0.0,18.56,0
180.577,0.0,18.56,0
180.677,0.0,18.56,0
180.777,0.0,18.56,0
180.877,0.0,18.52,0
180.977,2.323,18.52,0
181.077,2.719,18.52,0
181.177,2.719,18.52,1
181.277,2.635,18.52,1
181.377,2.456,18.52,1
181.477,2.323,18.52,1
181.577,1.923,18.52,1
181.677,1.656,18.52,1
181.777,1.106,18.52,1
181.877,0.0,18.52,1
181.977,0.0,18.52,1
182.077,0.0,18.55,0
182.177,0.0,18.55,0
182.277,0.0,18.55,0
182.377,0.0,18.55,0
182.477,0.0,18.55,0
182.577,0.0,18.55,0
182.677,0.0,18.59,0
182.777,0.0,18.59,0
182.877,0.0,18.59,0
182.977,2.806,18.59,0
183.077,2.985,18.59,0
183.177,3.164,18.59,1
183.277,2.898,18.56,1
183.377,2.589,18.56,1
183.477,2.719,18.56,1
183.577,2.144,18.56,1
183.677,1.606,18.56,1
183.777,0.531,18.56,1
183.877,0.0,18.63,1
183.977,0.0,18.63,1
184.077,0.0,18.63,0
184.177,0.0,18.63,0
184.277,0.0,18.63,0
184.377,0.0,18.63,0
184.477,0.0,18.66,0
184.577,0.0,18.66,0
184.677,0.0,18.66,0
184.777,0.0,18.66,0
184.877,2.364,18.66,0
184.977,2.852,18.66,0
185.077,3.21,18.63,1
185.177,2.806,18.63,1
185.277,2.498,18.63,1
185.377,2.41,18.63,1
185.477,1.923,18.63,1
185.577,1.656,18.63,1
185.677,0.794,18.63,1
185.777,0.0,18.63,1
185.877,0.0,18.63,1
185.977,0.0,18.63,0
186.077,0.0,18.63,0
186.177,0.0,18.63,0
186.277,0.0,18.66,0
186.377,0.0,18.66,0
186.477,0.0,18.66,0
186.577,0.0,18.66,0
186.677,0.0,18.66,0
186.777,2.502,18.66,0
186.877,3.294,18.63,0
186.977,3.569,18.63,1
187.077,2.944,18.63,1
187.177,2.806,18.63,1
187.277,2.548,18.63,1
187.377,2.056,18.63,1
187.477,1.702,18.63,1
187.577,1.064,18.63,1
187.677,0.0,18.63,1
187.777,0.0,18.63,1
187.877,0.0,18.63,0
187.977,0.0,18.63,0
188.077,0.0,18.66,0
188.177,0.0,18.66,0
188.277,0.0,18.66,0
188.377,0.0,18.66,0
188.477,0.0,18.66,0
188.577,0.0,18.66,0
188.677,0.531,18.63,0
188.777,2.806,18.63,0
188.877,3.294,18.63,1
188.977,3.119,18.63,1
189.077,2.944,18.63,1
189.177,2.806,18.63,1
189.277,2.323,18.59,1
189.377,2.456,18.59,1
189.477,1.744,18.59,1
189.577,0.0,18.59,1
189.677,0.0,18.59,1
189.777,0.0,18.59,0
189.877,0.0,18.63,0
189.977,0.0,18.63,0
190.077,0.0,18.63,0
190.177,0.0,18.63,0
190.277,0.0,18.63,0
190.377,0.0,18.63,0
190.477,0.0,18.63,0
190.577,2.456,18.63,0
190.677,3.569,18.63,0
190.777,3.648,18.63,1
190.877,3.073,18.63,1
190.977,2.764,18.63,1
191.077,2.502,18.59,1
191.177,2.098,18.59,1
191.277,1.419,18.59,1
191.377,0.0,18.59,1
191.477,0.0,18.59,1
191.577,0.0,18.59,0
191.677,0.0,18.63,0
191.777,0.0,18.63,0
191.877,0.0,18.63,0
191.977,0.0,18.63,0
192.077,0.0,18.63,0
192.177,0.0,18.63,0
192.277,0.0,18.63,0
192.377,3.027,18.63,0
192.477,3.339,18.63,0
192.577,3.519,18.63,1
192.677,3.119,18.63,1
192.777,2.852,18.63,1
192.877,2.098,18.59,1
192.977,1.373,18.59,1
193.077,0.356,18.59,1
193.177,0.0,18.59,1
193.277,0.0,18.59,1
193.377,0.0,18.59,0
193.477,0.0,18.63,0
193.577,0.0,18.63,0
193.677,0.0,18.63,0
193.777,0.0,18.63,0
193.877,0.0,18.63,0
193.977,0.0,18.63,0
194.077,0.0,18.63,0
194.177,2.014,18.63,0
194.277,2.056,18.63,0
194.377,2.098,18.63,1
194.477,1.656,18.63,1
194.577,1.606,18.63,1
194.677,1.419,18.63,1
194.777,1.194,18.63,1
194.877,0.71,18.63,1
194.977,0.0,18.63,1
195.077,0.0,18.63,1
195.177,0.0,18.63,0
195.277,0.0,18.66,0
195.377,0.0,18.66,0
195.477,0.0,18.66,0
195.577,0.0,18.66,0
195.677,0.0,18.66,0
195.777,0.0,18.66,0
195.877,0.798,18.66,0
195.977,3.073,18.66,0
196.077,3.031,18.66,1
196.177,2.806,18.66,1
196.277,2.548,18.66,1
196.377,2.277,18.66,1
196.477,1.56,18.66,1
196.577,1.514,18.66,1
196.677,0.623,18.66,1
196.777,0.0,18.66,1
196.877,0.0,18.66,1
196.977,0.0,18.66,0
197.077,0.0,18.73,0
197.177,0.0,18.73,0
197.277,0.0,18.73,0
197.377,0.0,18.73,0
197.477,0.0,18.73,0
197.577,0.0,18.73,0
197.677,3.344,18.66,0
197.777,4.185,18.66,0
197.877,3.739,18.66,1
197.977,4.01,18.66,1
198.077,2.852,18.66,1
198.177,2.594,18.66,1
198.277,0.356,18.63,1
198.377,0.0,18.63,1
198.477,0.0,18.63,1
198.577,0.0,18.63,0
198.677,0.0,18.63,0
198.777,0.0,18.63,0
198.877,0.0,18.63,0
198.977,0.0,18.63,0
199.077,0.0,18.63,0
199.177,0.0,18.63,0
199.277,3.427,18.63,0
199.377,4.277,18.63,0
199.477,4.589,18.59,1
199.577,3.339,18.59,1
199.677,3.827,18.59,1
199.777,2.635,18.59,1
199.877,2.41,18.59,1
199.977,2.323,18.59,1
200.077,0.089,18.56,1
200.177,0.0,18.56,1
200.277,0.0,18.56,0
200.377,0.0,18.56,0
200.477,0.0,18.56,0
200.577,0.0,18.56,0
200.677,0.0,18.56,0
200.777,0.0,18.56,0
200.877,0.0,18.56,0
200.977,4.994,18.56,0
201.077,5.31,18.56,0
201.177,4.998,18.56,1
201.277,4.719,18.52,1
201.377,3.744,18.52,1
201.477,3.519,18.52,1
201.577,0.531,18.52,1
201.677,0.0,18.52,1
201.777,0.0,18.52,1
201.877,0.0,18.52,0
201.977,0.0,18.52,0
202.077,0.0,18.52,0
202.177,0.0,18.52,0
202.277,0.0,18.52,0
202.377,0.0,18.52,0
202.477,0.0,18.52,0
202.577,0.885,18.52,0
202.677,3.61,18.52,0
202.777,3.835,18.52,1
202.877,3.519,18.52,1
202.977,3.61,18.52,1
203.077,2.014,18.49,1
203.177,2.235,18.49,1
203.277,0.448,18.49,1
203.377,0.135,18.49,1
203.477,0.0,18.49,1
203.577,0.0,18.49,1
203.677,0.0,18.52,0
203.777,0.0,18.52,0
203.877,0.0,18.52,0
203.977,0.0,18.52,0
204.077,0.0,18.52,0
204.177,0.0,18.52,0
204.277,2.898,18.52,0
204.377,3.344,18.52,0
204.477,3.923,18.52,1
204.577,2.76,18.52,1
204.677,3.164,18.52,1
204.777,1.61,18.52,1
204.877,1.331,18.52,1
204.977,0.0,18.52,1
205.077,0.0,18.52,1
205.177,0.0,18.52,0
205.277,0.0,18.52,0
205.377,0.0,18.52,0
205.477,0.0,18.56,0
205.577,0.0,18.56,0
205.677,0.0,18.56,0
205.777,0.0,18.56,0
205.877,2.764,18.56,0
205.977,6.577,18.56,0
206.077,4.319,18.56,1
206.177,4.819,18.56,1
206.277,2.764,18.56,1
206.377,3.473,18.56,1
206.477,1.831,18.56,1
206.577,1.019,18.56,1
206.677,0.0,18.59,1
206.777,0.0,18.59,1
206.877,0.0,18.59,0
206.977,0.0,18.59,0
207.077,0.0,18.59,0
207.177,0.0,18.59,0
207.277,0.0,18.59,0
207.377,0.0,18.59,0
207.477,1.969,18.59,0
207.577,3.969,18.59,0
207.677,3.602,18.59,1
207.777,3.031,18.59,1
207.877,2.806,18.52,1
207.977,2.369,18.52,1
208.077,2.456,18.52,1
208.177,0.977,18.52,1
208.277,0.0,18.52,1
208.377,0.0,18.52,1
208.477,0.0,18.56,0
208.577,0.0,18.56,0
208.677,0.0,18.56,0
208.777,0.0,18.56,0
208.877,0.0,18.56,0
208.977,0.0,18.56,0
209.077,1.331,18.56,0
209.177,2.456,18.56,0
209.277,2.989,18.56,1
209.377,3.256,18.56,1
209.477,3.21,18.56,1
209.577,2.764,18.56,1
209.677,2.502,18.52,1
209.777,1.56,18.52,1
209.877,0.0,18.52,1
209.977,0.0,18.52,1
210.077,0.0,18.52,0
210.177,0.0,18.52,0
210.277,0.0,18.56,0
210.377,0.0,18.56,0
210.477,0.0,18.56,0
210.577,0.0,18.56,0
210.677,1.702,18.56,0
210.777,4.102,18.56,0
210.877,4.102,18.56,1
210.977,3.835,18.56,1
211.077,3.302,18.56,1
211.177,2.594,18.56,1
211.277,2.098,18.56,1
211.377,0.0,18.56,1
211.477,0.0,18.59,1
211.577,0.0,18.59,0
211.677,0.0,18.59,0
211.777,0.0,18.59,0
211.877,0.0,18.59,0
211.977,0.0,18.59,0
212.077,0.0,18.59,0
212.177,0.0,18.59,0
212.277,1.606,18.59,0
212.377,4.444,18.59,0
212.477,4.489,18.59,1
212.577,3.744,18.59,1
212.677,3.569,18.56,1
212.777,2.944,18.56,1
212.877,2.056,18.56,1
212.977,0.0,18.56,1
213.077,0.0,18.56,1
213.177,0.0,18.56,0
213.277,0.0,18.59,0
213.377,0.0,18.59,0
213.477,0.0,18.59,0
213.577,0.0,18.59,0
213.677,0.0,18.59,0
213.777,0.0,18.59,0
213.877,2.852,18.59,0
213.977,3.61,18.59,0
214.077,3.385,18.59,1
214.177,2.852,18.59,1
214.277,3.027,18.59,1
214.377,2.852,18.59,1
214.477,1.702,18.56,1
214.577,0.402,18.56,1
214.677,0.0,18.56,1
214.777,0.0,18.56,1
214.877,0.0,18.56,0
214.977,0.0,18.56,0
215.077,0.0,18.59,0
215.177,0.0,18.59,0
215.277,0.0,18.59,0
215.377,0.0,18.59,0
215.477,1.064,18.59,0
215.577,2.594,18.59,0
215.677,2.677,18.56,1
215.777,2.456,18.56,1
215.877,2.144,18.56,1
215.977,1.923,18.56,1
216.077,1.331,18.56,1
216.177,0.0,18.56,1
216.277,0.0,18.56,1
216.377,0.0,18.56,0
216.477,0.0,18.56,0
216.577,0.0,18.56,0
216.677,0.0,18.56,0
216.777,0.0,18.56,0
216.877,0.0,18.63,0
216.977,0.0,18.63,0
217.077,0.0,18.63,0
217.177,2.989,18.63,0
217.277,3.073,18.63,0
217.377,4.01,18.63,1
217.477,2.456,18.59,1
217.577,3.031,18.59,1
217.677,1.373,18.59,1
217.777,1.61,18.59,1
217.877,0.31,18.59,1
217.977,0.839,18.59,1
218.077,0.0,18.63,1
218.177,0.0,18.63,1
218.277,0.0,18.63,0
218.377,0.0,18.63,0
218.477,0.0,18.63,0
218.577,0.0,18.63,0
218.677,0.0,18.66,0
218.777,0.0,18.66,0
218.877,0.0,18.66,0
218.977,0.0,18.66,0
219.077,2.281,18.66,0
219.177,3.164,18.66,0
219.277,3.61,18.63,1
219.377,2.098,18.63,1
219.477,2.456,18.63,1
219.577,0.177,18.63,1
219.677,0.448,18.63,1
219.777,0.0,18.63,1
219.877,0.0,18.59,1
219.977,0.0,18.59,0
220.077,0.0,18.59,0
220.177,0.0,18.59,0
220.277,0.0,18.59,0
220.377,0.0,18.59,0
220.477,0.0,18.66,0
220.577,2.677,18.66,0
220.677,4.185,18.66,0
220.777,4.627,18.66,1
220.877,2.635,18.66,1
220.977,2.944,18.66,1
221.077,0.794,18.66,1
221.177,1.331,18.66,1
221.277,0.0,18.66,1
221.377,0.0,18.66,1
221.477,0.0,18.66,0
221.577,0.0,18.66,0
221.677,0.0,18.69,0
221.777,0.0,18.69,0
221.877,0.0,18.69,0
221.977,0.0,18.69,0
222.077,2.014,18.69,0
222.177,3.61,18.69,0
222.277,3.789,18.69,1
222.377,2.635,18.69,1
222.477,2.502,18.69,1
222.577,1.61,18.69,1
222.677,0.706,18.69,1
222.777,0.0,18.69,1
222.877,0.0,18.69,1
222.977,0.0,18.69,0
223.077,0.0,18.69,0
223.177,0.0,18.69,0
223.277,0.0,18.69,0
223.377,0.0,18.69,0
223.477,0.0,18.69,0
223.577,1.064,18.69,0
223.677,3.969,18.69,0
223.777,3.877,18.69,1
223.877,3.656,18.69,1
223.977,3.256,18.69,1
224.077,2.323,18.66,1
224.177,1.419,18.66,1
224.277,0.31,18.66,1
224.377,0.0,18.66,1
224.477,0.0,18.66,1
224.577,0.0,18.66,0
224.677,0.0,18.73,0
224.777,0.0,18.73,0
224.877,0.0,18.73,0
224.977,0.0,18.73,0
225.077,0.0,18.73,0
225.177,0.0,18.73,0
225.277,0.0,18.69,0
225.377,0.0,18.69,0
225.477,0.0,18.69,0
225.577,0.0,18.69,0
225.677,0.0,18.69,0
225.777,0.0,18.69,0
225.877,0.0,18.66,0
225.977,0.0,18.66,0
226.077,0.0,18.66,0
226.177,0.0,18.66,0
226.277,0.0,18.66,0
226.377,3.569,18.66,0
226.477,10.319,18.59,0
226.577,17.019,18.59,1
226.677,18.573,18.59,1
226.777,16.289,18.59,1
226.877,13.506,18.59,1
226.977,13.314,18.59,1
227.077,10.377,18.59,1
227.177,7.739,18.59,1
227.277,5.977,18.59,1
227.377,4.864,18.59,1
227.477,3.656,18.59,1
227.577,1.656,18.59,1
227.677,0.977,18.63,1
227.777,0.0,18.63,1
227.877,0.0,18.63,1
227.977,0.0,18.63,0
228.077,0.0,18.63,0
228.177,0.0,18.63,0
228.277,0.0,18.63,0
228.377,0.0,18.63,0
228.477,0.0,18.63,0
228.577,0.0,18.63,0
228.677,0.0,18.63,0
228.777,0.0,18.63,0
228.877,0.0,18.59,0
228.977,0.0,18.59,0
229.077,0.0,18.59,0
229.177,6.431,18.59,0
229.277,22.764,18.59,0
229.377,19.073,18.59,1
229.477,15.052,18.59,1
229.577,12.698,18.59,1
229.677,10.627,18.59,1
229.777,8.248,18.59,1
229.877,4.91,18.59,1
229.977,2.806,18.59,1
230.077,1.331,18.59,1
230.177,0.0,18.59,1
230.277,0.0,18.59,1
230.377,0.0,18.59,0
230.477,0.0,18.59,0
230.577,0.0,18.59,0
230.677,0.0,18.63,0
230.777,0.0,18.63,0
230.877,0.0,18.63,0
230.977,0.0,18.63,0
231.077,0.0,18.63,0
231.177,0.0,18.63,0
231.277,6.914,18.63,0
231.377,9.898,18.63,0
231.477,10.014,18.63,1
231.577,7.027,18.63,1
231.677,7.135,18.63,1
231.777,4.819,18.63,1
231.877,4.056,18.63,1
231.977,3.744,18.63,1
232.077,2.456,18.63,1
232.177,0.0,18.63,1
232.277,0.044,18.63,1
232.377,0.0,18.63,0
232.477,0.0,18.69,0
232.577,0.0,18.69,0
232.677,0.0,18.69,0
232.777,0.0,18.69,0
232.877,0.0,18.69,0
232.977,0.044,18.69,0
233.077,9.11,18.69,0
233.177,9.469,18.69,0
233.277,9.285,18.69,1
233.377,6.694,18.69,1
233.477,7.46,18.69,1
233.577,4.231,18.69,1
233.677,2.635,18.76,1
233.777,0.0,18.76,1
233.877,0.0,18.76,1
233.977,0.0,18.76,0
234.077,0.0,18.76,0
234.177,0.0,18.76,0
234.277,0.0,18.8,0
234.377,0.0,18.8,0
234.477,0.0,18.8,0
234.577,7.244,18.8,0
234.677,8.648,18.8,0
234.777,8.706,18.8,1
234.877,5.664,18.83,1
234.977,4.36,18.83,1
235.077,1.019,18.83,1
235.177,0.0,18.83,1
235.277,0.0,18.83,1
235.377,0.0,18.83,0
235.477,0.0,18.9,0
235.577,0.0,18.9,0
235.677,0.0,18.9,0
235.777,0.0,18.9,0
235.877,4.998,18.9,0
235.977,8.194,18.9,0
236.077,8.477,18.93,1
236.177,5.489,18.93,1
236.277,6.164,18.93,1
236.377,3.431,18.93,1
236.477,0.0,18.93,1
236.577,0.0,18.93,1
236.677,0.0,19.0,0
236.777,0.0,19.0,0
236.877,0.0,19.0,0
236.977,0.0,19.0,0
237.077,0.0,19.0,0
237.177,0.0,19.0,0
237.277,0.0,19.0,0
237.377,6.914,19.0,0
237.477,6.106,19.0,0
237.577,4.956,19.0,1
237.677,4.36,19.0,1
237.777,2.898,19.0,1
237.877,2.806,19.03,1
237.977,0.977,19.03,1
238.077,0.0,19.03,1
238.177,0.0,19.03,1
238.277,0.0,19.03,0
238.377,0.0,19.03,0
238.477,0.0,19.1,0
238.577,0.0,19.1,0
238.677,1.61,19.1,0
238.777,2.594,19.1,0
238.877,2.056,19.1,1
238.977,1.106,19.1,1
239.077,0.577,19.1,1
239.177,0.0,19.1,1
239.277,0.0,19.1,1
239.377,0.0,19.1,0
239.477,0.044,19.1,0
239.577,0.0,19.1,0
239.677,0.0,19.17,0
239.777,0.0,19.17,0
239.877,0.0,19.17,0
239.977,0.0,19.17,0
240.077,0.0,19.17,0
240.177,0.0,19.17,0
240.277,0.0,19.24,0
240.377,0.0,19.24,0
240.477,0.0,19.24,0
240.577,0.0,19.24,0
240.677,0.0,19.24,0
240.777,0.0,19.24,0
240.877,0.0,19.3,0
240.977,0.0,19.3,0
241.077,0.0,19.3,0
241.177,0.0,19.3,0
241.277,0.0,19.3,0
241.377,0.0,19.3,0
241.477,0.0,19.34,0
241.577,0.0,19.34,0
241.677,0.0,19.34,0
241.777,0.0,19.34,0
241.877,0.0,19.34,0
241.977,0.0,19.34,0
242.077,0.0,19.41,0
242.177,0.0,19.41,0
242.277,0.0,19.41,0
242.377,0.0,19.41,0
242.477,0.0,19.41,0
242.577,0.0,19.41,0
242.677,0.0,19.44,0
242.777,0.0,19.44,0
242.877,0.0,19.44,0
242.977,0.0,19.44,0
243.077,0.0,19.44,0
243.177,0.0,19.44,0
243.277,0.0,19.44,0
243.377,0.0,19.44,0
243.477,0.0,19.44,0
243.577,0.0,19.44,0
243.677,0.0,19.44,0
243.777,0.0,19.44,0
243.877,1.514,19.47,0
243.977,2.41,19.47,0
244.077,1.656,19.47,1
244.177,1.514,19.47,1
244.277,0.977,19.47,1
244.377,0.664,19.47,1
244.477,0.356,19.51,1
244.577,0.089,19.51,1
244.677,0.177,19.51,1
244.777,0.0,19.51,1
244.877,0.135,19.51,1
244.977,0.0,19.51,1
245.077,0.135,19.58,1
245.177,0.0,19.58,1
245.277,0.0,19.58,1
245.377,0.0,19.58,0
245.477,0.0,19.58,0
245.577,0.0,19.58,0
245.677,0.0,19.51,0
245.777,0.0,19.51,0
245.877,0.0,19.51,0
245.977,0.0,19.51,0
246.077,0.0,19.51,0
246.177,0.0,19.51,0
246.277,0.0,19.41,0
246.377,0.0,19.41,0
246.477,0.0,19.41,0
246.577,0.0,19.41,0
246.677,0.0,19.41,0
246.777,0.0,19.41,0
246.877,0.0,19.3,0
246.977,0.0,19.3,0
247.077,0.0,19.3,0
247.177,0.0,19.3,0
247.277,0.0,19.3,0
247.377,0.0,19.3,0
247.477,0.0,19.2,0
247.577,0.0,19.2,0
247.677,0.0,19.2,0
247.777,0.0,19.2,0
247.877,0.0,19.2,0
247.977,0.0,19.2,0
248.077,0.0,19.1,0
248.177,0.0,19.1,0
248.277,0.0,19.1,0
248.377,0.0,19.1,0
248.477,0.0,19.1,0
248.577,0.0,19.1,0
248.677,0.0,19.0,0
248.777,0.0,19.0,0
248.877,0.0,19.0,0
248.977,0.0,19.0,0
249.077,0.0,19.0,0
249.177,0.0,19.0,0
249.277,0.0,18.97,0
249.377,0.0,18.97,0
249.477,0.0,18.97,0
249.577,0.0,18.97,0
249.677,0.0,18.97,0
249.777,0.0,18.97,0
249.877,0.0,18.9,0
249.977,0.0,18.9,0
250.077,0.0,18.9,0
250.177,0.0,18.9,0
250.277,0.0,18.9,0
250.377,0.0,18.9,0
250.477,0.0,18.84,0
250.577,0.0,18.84,0
250.677,0.0,18.84,0
250.777,0.0,18.84,0
250.877,0.0,18.84,0
250.977,0.0,18.84,0
251.077,0.0,18.8,0
251.177,0.0,18.8,0
251.277,0.0,18.8,0
251.377,0.0,18.8,0
251.477,0.0,18.8,0
251.577,0.0,18.8,0
251.677,0.0,18.76,0
251.777,0.0,18.76,0
251.877,0.0,18.76,0
251.977,0.0,18.76,0
252.077,0.0,18.76,0
252.177,0.0,18.76,0
252.277,0.0,18.73,0
252.377,0.0,18.73,0
252.477,0.0,18.73,0
252.577,0.0,18.73,0
252.677,0.0,18.73,0
252.777,0.0,18.73,0
252.877,0.0,18.73,0
252.977,0.0,18.73,0
253.077,0.0,18.73,0
253.177,0.0,18.73,0
253.277,0.0,18.73,0
253.377,0.0,18.73,0
253.477,0.0,18.69,0
253.577,0.0,18.69,0
253.677,0.0,18.69,0
253.777,0.0,18.69,0
253.877,0.0,18.69,0
253.977,0.0,18.69,0
254.077,0.0,18.69,0
254.177,0.0,18.69,0
254.277,0.0,18.69,0
254.377,0.0,18.69,0
254.477,0.0,18.69,0
254.577,0.0,18.69,0
254.677,0.0,18.66,0
254.777,0.0,18.66,0
254.877,0.0,18.66,0
254.977,0.0,18.66,0
255.077,0.0,18.66,0
255.177,0.0,18.66,0
255.277,0.0,18.66,0
255.377,0.0,18.66,0
255.477,0.0,18.66,0
255.577,0.0,18.66,0
255.677,0.0,18.66,0
255.777,0.0,18.66,0
255.877,0.0,18.66,0
255.977,0.664,18.66,0
256.077,1.331,18.66,0
256.177,1.331,18.66,1
256.277,0.531,18.66,1
256.377,0.623,18.66,1
256.477,0.089,18.66,1
256.577,0.31,18.66,1
256.677,0.0,18.66,1
256.777,0.223,18.66,1
256.877,0.0,18.66,1
256.977,0.135,18.66,1
257.077,0.0,18.73,1
257.177,0.0,18.73,1
257.277,0.0,18.73,0
257.377,0.0,18.73,0
257.477,0.0,18.73,0
257.577,0.0,18.73,0
257.677,0.0,18.8,0
257.777,0.0,18.8,0
257.877,0.0,18.8,0
257.977,0.0,18.8,0
258.077,0.0,18.8,0
258.177,0.0,18.8,0
258.277,0.0,18.8,0
258.377,0.0,18.8,0
258.477,0.0,18.8,0
258.577,0.0,18.8,0
258.677,0.0,18.8,0
258.777,0.0,18.8,0
258.877,0.0,18.73,0
258.977,0.0,18.73,0
259.077,0.0,18.73,0
259.177,0.0,18.73,0
259.277,0.0,18.73,0
259.377,0.0,18.73,0
259.477,0.0,18.69,0
259.577,0.0,18.69,0
259.677,0.0,18.69,0
259.777,0.0,18.69,0
259.877,0.0,18.69,0
259.977,0.0,18.69,0
260.077,0.0,18.63,0
260.177,0.0,18.63,0
260.277,0.0,18.63,0
260.377,0.0,18.63,0
260.477,0.0,18.63,0
260.577,0.0,18.63,0
260.677,0.0,18.63,0
260.777,0.0,18.63,0
260.877,0.0,18.63,0
260.977,0.0,18.63,0
261.077,0.0,18.63,0
261.177,0.0,18.63,0
261.277,0.0,18.59,0
261.377,0.0,18.59,0
261.477,0.0,18.59,0
261.577,0.0,18.59,0
261.677,0.0,18.59,0
261.777,0.0,18.59,0
261.877,0.0,18.56,0
261.977,0.0,18.56,0
262.077,0.0,18.56,0
262.177,0.0,18.56,0
262.277,0.0,18.56,0
262.377,0.0,18.56,0
262.477,0.0,18.56,0
262.577,0.0,18.56,0
262.677,0.0,18.56,0
262.777,0.0,18.56,0
262.877,0.0,18.56,0
262.977,0.0,18.56,0
263.077,0.0,18.52,0
263.177,0.0,18.52,0
263.277,0.0,18.52,0
263.377,0.0,18.52,0
263.477,0.0,18.52,0
263.577,0.0,18.52,0
263.677,0.0,18.52,0
263.777,0.0,18.52,0
263.877,0.0,18.52,0
263.977,0.0,18.52,0
264.077,0.0,18.52,0
264.177,0.0,18.52,0
264.277,0.0,18.52,0
264.377,0.0,18.52,0
264.477,0.0,18.52,0
264.577,0.0,18.52,0
264.677,0.0,18.52,0
264.777,0.0,18.52,0
264.877,0.0,18.52,0
264.977,0.0,18.52,0
265.077,0.0,18.52,0
265.177,0.0,18.52,0
265.277,0.0,18.52,0
265.377,0.0,18.52,0
265.477,0.0,18.49,0
265.577,0.0,18.49,0
265.677,0.0,18.49,0
265.777,0.0,18.49,0
265.877,0.0,18.49,0
265.977,0.0,18.49,0
266.077,0.0,18.5,0
266.177,0.0,18.5,0
266.277,0.0,18.5,0
266.377,0.0,18.5,0
266.477,0.0,18.5,0
266.577,0.0,18.5,0
266.677,0.0,18.52,0
266.777,0.0,18.52,0
266.877,0.0,18.52,0
266.977,0.0,18.52,0
267.077,0.0,18.52,0
267.177,0.0,18.52,0
267.277,0.0,18.51,0
267.377,0.0,18.51,0
267.477,0.0,18.51,0
267.577,0.0,18.51,0
267.677,0.0,18.51,0
267.777,0.0,18.51,0
267.877,0.0,18.52,0
267.977,0.0,18.52,0
268.077,0.0,18.52,0
268.177,0.0,18.52,0
268.277,0.0,18.52,0
268.377,0.0,18.52,0
268.477,0.0,18.52,0
268.577,0.0,18.52,0
268.677,0.0,18.52,0
268.777,0.0,18.52,0
268.877,0.0,18.52,0
268.977,0.0,18.52,0
269.077,0.0,18.56,0
269.177,0.0,18.56,0
269.277,0.0,18.56,0
269.377,0.0,18.56,0
269.477,0.0,18.56,0
269.577,0.0,18.56,0
269.677,0.0,18.56,0
269.777,0.0,18.56,0
269.877,0.0,18.56,0
269.977,1.244,18.56,0
270.077,1.419,18.56,0
270.177,1.702,18.56,1
270.277,1.373,18.59,1
270.377,1.106,18.59,1
270.477,0.839,18.59,1
270.577,0.531,18.59,1
270.677,0.752,18.59,1
270.777,0.356,18.59,1
270.877,0.531,18.63,1
270.977,0.044,18.63,1
271.077,0.223,18.63,1
271.177,0.0,18.63,1
271.277,0.089,18.63,1
271.377,0.0,18.63,0
271.477,0.0,18.66,0
271.577,0.0,18.66,0
271.677,0.0,18.66,0
271.777,0.0,18.66,0
271.877,0.0,18.66,0
271.977,0.0,18.66,0
272.077,0.0,18.49,0
272.177,0.0,18.49,0
272.277,0.0,18.49,0
272.377,0.0,18.49,0
272.477,0.0,18.49,0
272.577,0.0,18.49,0
272.677,0.0,18.15,0
272.777,0.0,18.15,0
272.877,0.0,18.15,0
272.977,0.0,18.15,0
273.077,0.0,18.15,0
273.177,0.0,18.15,0
273.277,0.0,17.84,0
273.377,0.0,17.84,0
273.477,0.0,17.84,0
273.577,0.044,17.84,0
273.677,0.0,17.84,0
273.777,0.0,17.84,0
273.877,0.0,17.61,0
273.977,0.0,17.61,0
274.077,0.0,17.61,0
274.177,0.0,17.61,0
274.277,0.0,17.61,0
274.377,0.0,17.61,0
274.477,0.223,17.4,0
274.577,0.0,17.4,0
274.677,0.044,17.4,0
274.777,0.0,17.4,0
274.877,0.0,17.4,0
274.977,0.0,17.4,0
275.077,0.0,17.3,0
275.177,0.0,17.3,0
275.277,0.0,17.3,0
275.377,0.0,17.3,0
275.477,0.0,17.3,0
275.577,0.0,17.3,0
275.677,0.0,17.23,0
275.777,0.0,17.23,0
275.877,0.0,17.23,0
275.977,0.0,17.23,0
276.077,0.0,17.23,0
276.177,0.0,17.23,0
276.277,0.0,17.2,0
276.377,0.0,17.2,0
276.477,0.0,17.2,0
276.577,0.0,17.2,0
276.677,0.0,17.2,0
276.777,0.0,17.2,0
276.877,0.0,17.2,0
276.977,0.0,17.2,0
277.077,0.0,17.2,0
277.177,0.0,17.2,0
277.277,0.0,17.2,0
277.377,0.044,17.2,0
277.477,0.0,17.21,0
277.577,0.0,17.21,0
277.677,0.0,17.21,0
277.777,0.0,17.21,0
277.877,0.044,17.21,0
277.977,0.0,17.21,0
278.077,0.044,17.27,0
278.177,0.0,17.27,0
278.277,0.0,17.27,0
278.377,0.0,17.27,0
278.477,0.0,17.27,0
278.577,0.0,17.27,0
278.677,0.0,17.37,0
278.777,0.0,17.37,0
278.877,0.0,17.37,0
278.977,0.0,17.37,0
279.077,0.0,17.37,0
279.177,0.0,17.37,0
279.277,0.0,17.47,0
279.377,0.0,17.47,0
279.477,0.0,17.47,0
279.577,0.0,17.47,0
279.677,0.0,17.47,0
279.777,0.0,17.47,0
279.877,0.0,17.57,0
279.977,0.0,17.57,0
280.077,0.0,17.57,0
280.177,0.0,17.57,0
280.277,0.0,17.57,0
280.377,0.0,17.57,0
280.477,0.0,17.67,0
280.577,0.0,17.67,0
280.677,0.0,17.67,0
280.777,0.0,17.67,0
280.877,0.0,17.67,0
280.977,0.0,17.67,0
281.077,0.0,17.81,0
281.177,0.0,17.81,0
281.277,0.0,17.81,0
281.377,0.0,17.81,0
281.477,0.0,17.81,0
281.577,0.0,17.81,0
281.677,0.0,17.88,0
281.777,0.0,17.88,0
281.877,0.0,17.88,0
281.977,0.0,17.88,0
282.077,0.0,17.88,0
282.177,0.0,17.88,0
282.277,0.0,17.95,0
282.377,0.0,17.95,0
282.477,0.0,17.95,0
282.577,0.0,17.95,0
282.677,0.0,17.95,0
282.777,0.0,17.95,0
